epoch,time,train/box_loss,train/cls_loss,train/dfl_loss,metrics/precision(B),metrics/recall(B),metrics/mAP50(B),metrics/mAP50-95(B),val/box_loss,val/cls_loss,val/dfl_loss,lr/pg0,lr/pg1,lr/pg2
1,36.353,5.04024,5.19336,4.23249,0.00019,0.01692,0.0001,3e-05,5.11315,4.99276,4.17972,0.00330769,0.00330769,0.00330769
2,72.3462,5.03339,5.0342,4.23274,0.00021,0.0209,0.00011,3e-05,5.07875,5.29514,4.27549,0.00662788,0.00662788,0.00662788
3,107.333,4.75441,4.45991,3.98663,0.00172,0.18905,0.00125,0.00039,4.45179,4.37008,3.85103,0.00993486,0.00993486,0.00993486
4,143.083,3.08542,3.21904,2.67823,0.16083,0.21692,0.08871,0.03061,2.4796,4.15363,2.47497,0.0099406,0.0099406,0.0099406
5,178.834,2.434,2.39026,2.07807,0.50211,0.41791,0.41713,0.17471,2.01949,2.72581,1.90097,0.0099208,0.0099208,0.0099208
6,214.782,2.22994,2.0073,1.85455,0.54678,0.54627,0.5402,0.22403,1.9533,2.00733,1.80101,0.009901,0.009901,0.009901
7,249.37,2.10424,1.84462,1.73959,0.6344,0.58408,0.62727,0.30326,1.7719,1.6389,1.65736,0.0098812,0.0098812,0.0098812
8,283.968,2.02576,1.74061,1.6796,0.65747,0.64876,0.66731,0.31505,1.79653,1.65644,1.66062,0.0098614,0.0098614,0.0098614
9,318.416,1.9559,1.63,1.61595,0.63866,0.57413,0.58609,0.26854,1.89218,1.64697,1.71779,0.0098416,0.0098416,0.0098416
10,352.785,1.92824,1.57919,1.60351,0.58175,0.4152,0.44584,0.16954,2.09977,2.00236,1.89434,0.0098218,0.0098218,0.0098218
11,387.972,1.86099,1.52049,1.56038,0.72013,0.66965,0.7281,0.38373,1.68718,1.39095,1.56758,0.009802,0.009802,0.009802
12,423.688,1.8687,1.47396,1.56268,0.74192,0.65789,0.72064,0.36041,1.70873,1.44337,1.58773,0.0097822,0.0097822,0.0097822
13,459.239,1.79654,1.39223,1.5168,0.7363,0.76404,0.78386,0.40842,1.65654,1.25697,1.5572,0.0097624,0.0097624,0.0097624
14,495.066,1.78323,1.36823,1.50097,0.71631,0.58706,0.64933,0.31689,1.79093,1.57432,1.69097,0.0097426,0.0097426,0.0097426
15,530.248,1.78103,1.3422,1.49174,0.73182,0.72637,0.75236,0.41605,1.58969,1.25813,1.49024,0.0097228,0.0097228,0.0097228
16,564.265,1.763,1.32479,1.49179,0.79035,0.75025,0.81706,0.4284,1.67235,1.24346,1.54731,0.009703,0.009703,0.009703
17,598.713,1.74049,1.27936,1.47002,0.80389,0.79127,0.85006,0.45991,1.59366,1.09515,1.50173,0.0096832,0.0096832,0.0096832
18,633.637,1.72235,1.24671,1.46766,0.71754,0.71741,0.74484,0.39478,1.64063,1.2514,1.52108,0.0096634,0.0096634,0.0096634
19,668.636,1.7184,1.27019,1.4819,0.78188,0.73118,0.79841,0.43933,1.56867,1.21184,1.47367,0.0096436,0.0096436,0.0096436
20,703.589,1.69078,1.20169,1.45168,0.77971,0.70788,0.80346,0.43816,1.64671,1.17795,1.52871,0.0096238,0.0096238,0.0096238
21,738.621,1.69305,1.17314,1.43672,0.79016,0.80896,0.83921,0.45217,1.55423,1.07259,1.46038,0.009604,0.009604,0.009604
22,774.655,1.69612,1.19511,1.4614,0.82905,0.75763,0.84774,0.48202,1.53118,1.04732,1.45091,0.0095842,0.0095842,0.0095842
23,809.157,1.67562,1.14696,1.43613,0.80917,0.77612,0.8503,0.48356,1.53917,1.03019,1.44635,0.0095644,0.0095644,0.0095644
24,845.133,1.67397,1.15208,1.42601,0.7817,0.81592,0.84178,0.44299,1.62263,1.08166,1.49278,0.0095446,0.0095446,0.0095446
25,880.344,1.66288,1.12579,1.42131,0.8112,0.80597,0.8647,0.4797,1.54117,1.01886,1.43416,0.0095248,0.0095248,0.0095248
26,915.245,1.63077,1.10459,1.4183,0.81572,0.84569,0.8828,0.51758,1.47383,0.93771,1.40126,0.009505,0.009505,0.009505
27,950.086,1.64102,1.09074,1.41052,0.7788,0.80927,0.84886,0.44906,1.58492,1.00458,1.48962,0.0094852,0.0094852,0.0094852
28,985.988,1.64401,1.08673,1.42241,0.82569,0.84776,0.90061,0.52377,1.44971,0.93063,1.38546,0.0094654,0.0094654,0.0094654
29,1021.91,1.60515,1.05458,1.39516,0.80971,0.84478,0.88291,0.51374,1.45554,0.94281,1.38962,0.0094456,0.0094456,0.0094456
30,1056.24,1.62697,1.05564,1.40034,0.85234,0.83859,0.91037,0.53316,1.43071,0.87767,1.37482,0.0094258,0.0094258,0.0094258
31,1092.05,1.63596,1.0622,1.40883,0.7941,0.7867,0.84159,0.41774,1.70173,1.0071,1.54155,0.009406,0.009406,0.009406
32,1127.69,1.59991,1.04063,1.38627,0.8193,0.84378,0.8931,0.51949,1.41811,0.89656,1.37623,0.0093862,0.0093862,0.0093862
33,1162.4,1.59888,1.01638,1.39215,0.81562,0.8627,0.89898,0.49284,1.55228,0.89359,1.45398,0.0093664,0.0093664,0.0093664
34,1197.85,1.59236,1.02716,1.37736,0.80752,0.87662,0.89775,0.5123,1.48269,0.87022,1.39453,0.0093466,0.0093466,0.0093466
35,1233.58,1.59446,1.00372,1.37356,0.84014,0.84713,0.90099,0.52275,1.45485,0.92585,1.38528,0.0093268,0.0093268,0.0093268
36,1268.92,1.57266,0.99246,1.38101,0.83301,0.86667,0.91361,0.52599,1.44342,0.87284,1.379,0.009307,0.009307,0.009307
37,1304.1,1.57531,0.99913,1.38045,0.83978,0.8597,0.91097,0.54436,1.40327,0.84362,1.3599,0.0092872,0.0092872,0.0092872
38,1338.42,1.57127,1.00021,1.37557,0.82232,0.87039,0.89785,0.52362,1.43933,0.88554,1.37478,0.0092674,0.0092674,0.0092674
39,1373.82,1.5632,0.98896,1.34972,0.8307,0.88955,0.91981,0.52611,1.45406,0.84635,1.39538,0.0092476,0.0092476,0.0092476
40,1408.95,1.57187,0.97805,1.36899,0.86877,0.79701,0.89423,0.5262,1.4497,0.88396,1.38263,0.0092278,0.0092278,0.0092278
41,1444.29,1.56398,0.99179,1.36778,0.78695,0.88575,0.8871,0.49434,1.48652,0.93934,1.40926,0.009208,0.009208,0.009208
42,1480.29,1.54867,0.95357,1.35623,0.84006,0.85075,0.91556,0.52523,1.43296,0.88736,1.37044,0.0091882,0.0091882,0.0091882
43,1515.16,1.55415,0.95861,1.34673,0.86608,0.87662,0.93214,0.56357,1.36045,0.77663,1.33576,0.0091684,0.0091684,0.0091684
44,1551.68,1.54573,0.94154,1.34022,0.84546,0.86567,0.9191,0.53035,1.44917,0.81487,1.38332,0.0091486,0.0091486,0.0091486
45,1587.8,1.53478,0.94866,1.3376,0.83148,0.86897,0.92115,0.55051,1.39294,0.8075,1.34393,0.0091288,0.0091288,0.0091288
46,1622.99,1.51944,0.94703,1.35274,0.80516,0.90647,0.92328,0.55182,1.39378,0.82494,1.33903,0.009109,0.009109,0.009109
47,1657.81,1.54804,0.93235,1.35443,0.85835,0.88031,0.93947,0.54658,1.44649,0.81168,1.38135,0.0090892,0.0090892,0.0090892
48,1692.08,1.53427,0.92979,1.35579,0.83211,0.89353,0.92253,0.54021,1.42857,0.8408,1.36354,0.0090694,0.0090694,0.0090694
49,1727.24,1.53933,0.9377,1.34987,0.8383,0.89453,0.92201,0.55156,1.38429,0.80769,1.336,0.0090496,0.0090496,0.0090496
50,1761.96,1.5249,0.93088,1.34151,0.84227,0.88205,0.92183,0.54484,1.4105,0.80497,1.35758,0.0090298,0.0090298,0.0090298
51,1797.52,1.5279,0.93825,1.33655,0.83956,0.87994,0.92435,0.5508,1.40486,0.83001,1.34359,0.00901,0.00901,0.00901
52,1833.06,1.52637,0.93909,1.33798,0.83439,0.88358,0.9197,0.55078,1.37041,0.91457,1.33589,0.0089902,0.0089902,0.0089902
53,1868.67,1.51823,0.91336,1.32418,0.85314,0.88436,0.93347,0.56098,1.38142,0.79249,1.33164,0.0089704,0.0089704,0.0089704
54,1905.39,1.51503,0.92155,1.33991,0.86614,0.88203,0.93392,0.56706,1.35752,0.78586,1.32196,0.0089506,0.0089506,0.0089506
55,1940.76,1.51487,0.91426,1.3391,0.82688,0.90777,0.92931,0.54206,1.40281,0.81587,1.36589,0.0089308,0.0089308,0.0089308
56,1976.44,1.51637,0.91832,1.33306,0.83825,0.87164,0.92898,0.55683,1.38728,0.81082,1.33274,0.008911,0.008911,0.008911
57,2010.76,1.51544,0.90962,1.33312,0.85974,0.87065,0.93538,0.56285,1.36398,0.79926,1.32664,0.0088912,0.0088912,0.0088912
58,2045.46,1.50124,0.91185,1.32247,0.83501,0.88856,0.93066,0.56232,1.37693,0.77269,1.33771,0.0088714,0.0088714,0.0088714
59,2078.5,1.48982,0.88407,1.3161,0.84246,0.90249,0.93402,0.57368,1.35038,0.74344,1.31496,0.0088516,0.0088516,0.0088516
60,2111.95,1.49161,0.89738,1.31882,0.84703,0.89055,0.93113,0.56564,1.37438,0.81846,1.33173,0.0088318,0.0088318,0.0088318
61,2146.55,1.46134,0.87059,1.30746,0.821,0.92836,0.93588,0.56789,1.35717,0.78374,1.32086,0.008812,0.008812,0.008812
62,2181.41,1.48038,0.88744,1.32093,0.85952,0.89453,0.94136,0.55077,1.40037,0.79771,1.35355,0.0087922,0.0087922,0.0087922
63,2214.36,1.47252,0.88863,1.32679,0.84749,0.9068,0.92838,0.55343,1.39579,0.77714,1.34231,0.0087724,0.0087724,0.0087724
64,2247.76,1.4824,0.8665,1.32177,0.84882,0.89652,0.93435,0.56101,1.37686,0.74269,1.32496,0.0087526,0.0087526,0.0087526
65,2284.36,1.46969,0.88127,1.29737,0.86098,0.89352,0.93334,0.56939,1.35509,0.77574,1.31611,0.0087328,0.0087328,0.0087328
66,2320.4,1.46619,0.87092,1.30772,0.85557,0.87164,0.9312,0.54875,1.39906,0.76619,1.35118,0.008713,0.008713,0.008713
67,2355.33,1.4477,0.84523,1.30346,0.84136,0.9341,0.94189,0.57377,1.34378,0.7811,1.3076,0.0086932,0.0086932,0.0086932
68,2391.15,1.46897,0.86799,1.29378,0.85493,0.90302,0.94141,0.57812,1.37512,0.73356,1.32007,0.0086734,0.0086734,0.0086734
69,2423.64,1.46817,0.87055,1.30311,0.85064,0.91236,0.9419,0.57809,1.33246,0.75953,1.30595,0.0086536,0.0086536,0.0086536
70,2458.16,1.46127,0.85593,1.30078,0.84367,0.91824,0.94074,0.56505,1.3721,0.75078,1.32954,0.0086338,0.0086338,0.0086338
71,2493.46,1.45432,0.85821,1.30512,0.82832,0.92176,0.93489,0.55494,1.39752,0.75559,1.34779,0.008614,0.008614,0.008614
72,2529.36,1.45954,0.86099,1.31302,0.84665,0.88448,0.93169,0.55033,1.4073,0.75403,1.3535,0.0085942,0.0085942,0.0085942
73,2564.24,1.46804,0.86155,1.31303,0.86424,0.89312,0.9406,0.58757,1.31764,0.71622,1.29276,0.0085744,0.0085744,0.0085744
74,2597.57,1.4495,0.85343,1.28991,0.85807,0.8903,0.94155,0.58197,1.33239,0.71729,1.29647,0.0085546,0.0085546,0.0085546
75,2632.33,1.46125,0.8496,1.31706,0.85367,0.89851,0.93568,0.57162,1.3422,0.72238,1.31473,0.0085348,0.0085348,0.0085348
76,2667,1.45078,0.84578,1.29249,0.83898,0.91768,0.93182,0.55561,1.38848,0.77185,1.33466,0.008515,0.008515,0.008515
77,2702.41,1.46928,0.86241,1.29675,0.85008,0.89709,0.9379,0.58183,1.33099,0.74957,1.30229,0.0084952,0.0084952,0.0084952
78,2737.76,1.44899,0.85365,1.2775,0.8708,0.89196,0.9467,0.5842,1.33269,0.71472,1.29712,0.0084754,0.0084754,0.0084754
79,2772.4,1.44544,0.83883,1.30845,0.84162,0.90945,0.93672,0.56585,1.35147,0.78932,1.31489,0.0084556,0.0084556,0.0084556
80,2807.47,1.4401,0.84617,1.29538,0.8161,0.90348,0.91178,0.5263,1.43662,0.80061,1.35921,0.0084358,0.0084358,0.0084358
81,2841.54,1.45239,0.85438,1.29467,0.87043,0.91443,0.95089,0.59201,1.31969,0.69128,1.28572,0.008416,0.008416,0.008416
82,2876.88,1.45956,0.85986,1.28607,0.84351,0.90846,0.94449,0.57658,1.33512,0.72528,1.30341,0.0083962,0.0083962,0.0083962
83,2911.69,1.4229,0.82704,1.28662,0.83314,0.92407,0.93722,0.58295,1.3233,0.7072,1.2944,0.0083764,0.0083764,0.0083764
84,2946.79,1.43767,0.82878,1.28548,0.87176,0.89851,0.94238,0.58695,1.3201,0.70242,1.28973,0.0083566,0.0083566,0.0083566
85,2981.63,1.43436,0.84593,1.29428,0.84352,0.92239,0.93958,0.57032,1.34273,0.7394,1.31063,0.0083368,0.0083368,0.0083368
86,3017.54,1.43022,0.82585,1.28553,0.83361,0.92223,0.92349,0.56993,1.33172,0.74419,1.29873,0.008317,0.008317,0.008317
87,3051.75,1.42609,0.83497,1.28465,0.85115,0.89851,0.94237,0.56826,1.34898,0.71842,1.31239,0.0082972,0.0082972,0.0082972
88,3086.91,1.42465,0.82723,1.27764,0.84837,0.91542,0.91031,0.55506,1.30942,0.71138,1.27998,0.0082774,0.0082774,0.0082774
89,3121.54,1.42379,0.81322,1.2819,0.87139,0.90846,0.95038,0.60074,1.31376,0.70066,1.28835,0.0082576,0.0082576,0.0082576
90,3155.28,1.44178,0.8222,1.29255,0.85126,0.93035,0.94952,0.5955,1.29696,0.70261,1.27714,0.0082378,0.0082378,0.0082378
91,3190.02,1.42836,0.82952,1.29062,0.8612,0.92438,0.94911,0.58906,1.31117,0.69714,1.28521,0.008218,0.008218,0.008218
92,3225.55,1.4219,0.81673,1.28231,0.85749,0.92736,0.94884,0.5884,1.3327,0.69951,1.29526,0.0081982,0.0081982,0.0081982
93,3261.42,1.42978,0.82456,1.28183,0.85928,0.91142,0.94316,0.56,1.37808,0.71024,1.32239,0.0081784,0.0081784,0.0081784
94,3297.64,1.40522,0.83373,1.28011,0.88251,0.91186,0.9502,0.59567,1.31035,0.66442,1.28274,0.0081586,0.0081586,0.0081586
95,3334.11,1.42481,0.81641,1.27797,0.84165,0.92338,0.94109,0.58952,1.31875,0.70372,1.29211,0.0081388,0.0081388,0.0081388
96,3369.19,1.41007,0.80338,1.26898,0.86239,0.91542,0.94937,0.59241,1.32389,0.68246,1.29138,0.008119,0.008119,0.008119
97,3403.9,1.39694,0.80112,1.27481,0.85683,0.92537,0.9515,0.60278,1.29921,0.68552,1.27193,0.0080992,0.0080992,0.0080992
98,3438.36,1.39734,0.79929,1.26093,0.8791,0.90437,0.94931,0.59713,1.2954,0.6983,1.27375,0.0080794,0.0080794,0.0080794
99,3472.54,1.40745,0.81144,1.28276,0.86183,0.91244,0.94208,0.5997,1.29007,0.67915,1.2747,0.0080596,0.0080596,0.0080596
100,3504.67,1.40729,0.81052,1.28097,0.8537,0.92239,0.94775,0.59032,1.31356,0.69229,1.28134,0.0080398,0.0080398,0.0080398
101,3540.3,1.40617,0.80049,1.27389,0.85011,0.92239,0.93059,0.57867,1.29724,0.69763,1.27612,0.00802,0.00802,0.00802
102,3574.66,1.40342,0.80868,1.28074,0.85676,0.93433,0.94964,0.59908,1.30282,0.67803,1.27724,0.0080002,0.0080002,0.0080002
103,3609.47,1.39577,0.81273,1.26039,0.86171,0.92736,0.94458,0.58611,1.29961,0.70438,1.273,0.0079804,0.0079804,0.0079804
104,3645.58,1.41376,0.80766,1.27644,0.84571,0.92171,0.94371,0.5872,1.32558,0.70836,1.29046,0.0079606,0.0079606,0.0079606
105,3679.66,1.40669,0.79723,1.27753,0.87305,0.9101,0.9481,0.60591,1.28041,0.66001,1.26205,0.0079408,0.0079408,0.0079408
106,3715.56,1.40778,0.80354,1.27252,0.86056,0.92116,0.951,0.60569,1.28987,0.66731,1.26994,0.007921,0.007921,0.007921
107,3751.88,1.39983,0.79381,1.27707,0.88461,0.90778,0.95005,0.58742,1.32369,0.68066,1.28598,0.0079012,0.0079012,0.0079012
108,3787.41,1.40134,0.79772,1.25523,0.86884,0.91741,0.94836,0.58051,1.33914,0.69798,1.3021,0.0078814,0.0078814,0.0078814
109,3821.77,1.39327,0.79841,1.27643,0.8734,0.91297,0.95191,0.59793,1.30275,0.66608,1.27577,0.0078616,0.0078616,0.0078616
110,3856.81,1.41144,0.79852,1.27395,0.8731,0.91053,0.95232,0.6056,1.2825,0.66029,1.26753,0.0078418,0.0078418,0.0078418
111,3891.37,1.4182,0.80617,1.27207,0.86195,0.92239,0.94665,0.60257,1.28988,0.67987,1.26843,0.007822,0.007822,0.007822
112,3925.95,1.37559,0.78433,1.25724,0.87058,0.92338,0.9503,0.59993,1.27946,0.69349,1.26156,0.0078022,0.0078022,0.0078022
113,3962.13,1.37637,0.79514,1.26546,0.87627,0.90204,0.94607,0.60362,1.28275,0.66506,1.26552,0.0077824,0.0077824,0.0077824
114,3997.91,1.38749,0.77518,1.25697,0.8565,0.9324,0.94377,0.59062,1.27321,0.66558,1.26214,0.0077626,0.0077626,0.0077626
115,4033.7,1.37712,0.7835,1.25571,0.88604,0.91741,0.95325,0.60842,1.28271,0.6461,1.26644,0.0077428,0.0077428,0.0077428
116,4069.97,1.38312,0.78263,1.25244,0.87951,0.92537,0.95577,0.59978,1.28715,0.63913,1.26485,0.007723,0.007723,0.007723
117,4105.87,1.38222,0.79252,1.27279,0.86952,0.91504,0.94536,0.59995,1.27371,0.67332,1.25927,0.0077032,0.0077032,0.0077032
118,4141.59,1.40439,0.79,1.27413,0.86822,0.92736,0.9549,0.60866,1.26589,0.66911,1.25219,0.0076834,0.0076834,0.0076834
119,4176.25,1.36729,0.77716,1.24057,0.87595,0.93444,0.95842,0.61125,1.28211,0.63106,1.26071,0.0076636,0.0076636,0.0076636
120,4210.64,1.38921,0.77827,1.28144,0.88527,0.92537,0.95749,0.6148,1.27258,0.64877,1.25502,0.0076438,0.0076438,0.0076438
121,4245.71,1.37793,0.79224,1.24708,0.88535,0.91144,0.95634,0.61012,1.27523,0.64457,1.2567,0.007624,0.007624,0.007624
122,4279.57,1.37644,0.78086,1.25176,0.8808,0.91908,0.95551,0.60997,1.27801,0.64961,1.25877,0.0076042,0.0076042,0.0076042
123,4315.41,1.38429,0.79255,1.27094,0.88204,0.91542,0.95538,0.60727,1.27377,0.65019,1.2545,0.0075844,0.0075844,0.0075844
124,4351.17,1.3944,0.79915,1.28286,0.85939,0.94428,0.95758,0.6063,1.27927,0.64656,1.2539,0.0075646,0.0075646,0.0075646
125,4386.73,1.38252,0.77184,1.2668,0.87407,0.93333,0.95727,0.60822,1.29607,0.63802,1.26732,0.0075448,0.0075448,0.0075448
126,4421.71,1.35925,0.77321,1.24678,0.86784,0.92778,0.95533,0.61319,1.28062,0.64416,1.25745,0.007525,0.007525,0.007525
127,4457.03,1.37003,0.77879,1.25953,0.88848,0.92836,0.95953,0.61075,1.28298,0.63295,1.25871,0.0075052,0.0075052,0.0075052
128,4492.05,1.35407,0.75676,1.24627,0.88508,0.91542,0.95535,0.61305,1.26661,0.64118,1.25128,0.0074854,0.0074854,0.0074854
129,4525.95,1.3775,0.7774,1.25823,0.86527,0.94129,0.95719,0.61176,1.27346,0.6403,1.25617,0.0074656,0.0074656,0.0074656
130,4561.47,1.36555,0.76792,1.23963,0.88478,0.92537,0.96043,0.61809,1.27471,0.62914,1.25452,0.0074458,0.0074458,0.0074458
131,4596.42,1.36594,0.76855,1.24671,0.86339,0.93134,0.95907,0.61756,1.25685,0.63035,1.246,0.007426,0.007426,0.007426
132,4630.65,1.36193,0.76764,1.25843,0.87972,0.917,0.9538,0.60744,1.27213,0.65463,1.25795,0.0074062,0.0074062,0.0074062
133,4665.57,1.36382,0.76875,1.24,0.88938,0.91996,0.958,0.6107,1.2734,0.63447,1.25225,0.0073864,0.0073864,0.0073864
134,4698.51,1.37445,0.76596,1.25239,0.88919,0.92139,0.9591,0.61219,1.25692,0.62957,1.25083,0.0073666,0.0073666,0.0073666
135,4733.92,1.37757,0.77273,1.26036,0.88708,0.91841,0.95166,0.6001,1.28328,0.64234,1.25944,0.0073468,0.0073468,0.0073468
136,4768.54,1.36347,0.77962,1.25318,0.89245,0.92139,0.95863,0.62412,1.26151,0.62784,1.24538,0.007327,0.007327,0.007327
137,4805.2,1.36575,0.77518,1.24424,0.86716,0.93035,0.95768,0.61544,1.27137,0.63914,1.25457,0.0073072,0.0073072,0.0073072
138,4837.77,1.36575,0.77417,1.26025,0.86722,0.93234,0.95838,0.62839,1.23774,0.62017,1.23974,0.0072874,0.0072874,0.0072874
139,4864.57,1.3543,0.75876,1.23034,0.88617,0.92955,0.95958,0.62239,1.26245,0.6348,1.2468,0.0072676,0.0072676,0.0072676
140,4899.57,1.36533,0.76454,1.24309,0.88817,0.9204,0.95813,0.61967,1.25258,0.63076,1.24085,0.0072478,0.0072478,0.0072478
141,4933.11,1.34427,0.75373,1.23334,0.89302,0.92438,0.96351,0.62773,1.24936,0.61732,1.24004,0.007228,0.007228,0.007228
142,4968.89,1.35155,0.76202,1.24124,0.89187,0.91542,0.96291,0.62441,1.24975,0.64234,1.24365,0.0072082,0.0072082,0.0072082
143,5003.96,1.35375,0.75431,1.24121,0.89936,0.91741,0.96524,0.631,1.25557,0.61365,1.23875,0.0071884,0.0071884,0.0071884
144,5039.86,1.34762,0.7452,1.24129,0.89268,0.91868,0.96146,0.62129,1.2594,0.6274,1.24497,0.0071686,0.0071686,0.0071686
145,5074.57,1.33631,0.7495,1.22813,0.87868,0.91244,0.95938,0.61773,1.26686,0.65236,1.24786,0.0071488,0.0071488,0.0071488
146,5109.66,1.35865,0.75789,1.23862,0.8844,0.92874,0.96254,0.61656,1.26856,0.63173,1.24835,0.007129,0.007129,0.007129
147,5145.16,1.35001,0.761,1.24584,0.88176,0.93433,0.96095,0.61927,1.24514,0.62439,1.23603,0.0071092,0.0071092,0.0071092
148,5181.79,1.34946,0.75518,1.24521,0.87999,0.93632,0.96084,0.62265,1.25745,0.62055,1.24197,0.0070894,0.0070894,0.0070894
149,5217.8,1.35289,0.76,1.25316,0.89639,0.92115,0.95963,0.61683,1.26234,0.60834,1.24456,0.0070696,0.0070696,0.0070696
150,5252.47,1.36542,0.76437,1.24651,0.88416,0.93035,0.95938,0.62047,1.2538,0.61773,1.24182,0.0070498,0.0070498,0.0070498
151,5288.07,1.34371,0.74958,1.22665,0.89728,0.92129,0.96186,0.62319,1.24533,0.62397,1.24069,0.00703,0.00703,0.00703
152,5324.28,1.36918,0.7546,1.25277,0.88998,0.93368,0.96175,0.62824,1.25482,0.61011,1.24145,0.0070102,0.0070102,0.0070102
153,5360.03,1.34109,0.75005,1.23376,0.88686,0.94374,0.96278,0.62002,1.26304,0.61033,1.24302,0.0069904,0.0069904,0.0069904
154,5396.52,1.34794,0.74789,1.23145,0.89186,0.93035,0.96297,0.61343,1.27064,0.6112,1.24982,0.0069706,0.0069706,0.0069706
155,5429.49,1.33259,0.74979,1.23725,0.89397,0.89765,0.95811,0.6153,1.27051,0.63356,1.2492,0.0069508,0.0069508,0.0069508
156,5464.35,1.34521,0.75182,1.22461,0.87997,0.91841,0.9574,0.61776,1.25161,0.62213,1.24141,0.006931,0.006931,0.006931
157,5498.97,1.33106,0.74632,1.23409,0.89409,0.9156,0.96008,0.62509,1.24973,0.61607,1.23864,0.0069112,0.0069112,0.0069112
158,5534.65,1.33509,0.73937,1.23547,0.87363,0.93556,0.96401,0.63647,1.23971,0.60969,1.23081,0.0068914,0.0068914,0.0068914
159,5568.58,1.31444,0.73126,1.22173,0.88924,0.92672,0.96277,0.62524,1.25187,0.61671,1.23939,0.0068716,0.0068716,0.0068716
160,5603.25,1.34068,0.73872,1.23789,0.86241,0.94328,0.95997,0.62598,1.24522,0.60832,1.23756,0.0068518,0.0068518,0.0068518
161,5639.2,1.31807,0.72433,1.22858,0.86247,0.9403,0.96073,0.63117,1.24443,0.61491,1.2329,0.006832,0.006832,0.006832
162,5674.29,1.33561,0.72704,1.23442,0.87288,0.93831,0.96088,0.61387,1.26674,0.62015,1.24603,0.0068122,0.0068122,0.0068122
163,5709.35,1.32279,0.73781,1.21013,0.86547,0.94736,0.96053,0.62886,1.24511,0.60761,1.23489,0.0067924,0.0067924,0.0067924
164,5744.97,1.33269,0.73258,1.24026,0.8973,0.93234,0.96323,0.62697,1.2444,0.60502,1.23383,0.0067726,0.0067726,0.0067726
165,5779.88,1.33479,0.73368,1.21908,0.89398,0.93632,0.96571,0.62837,1.24478,0.60707,1.23269,0.0067528,0.0067528,0.0067528
166,5815.44,1.32745,0.73589,1.23624,0.89207,0.93134,0.96221,0.62155,1.24175,0.61151,1.23268,0.006733,0.006733,0.006733
167,5850.74,1.3171,0.73894,1.22733,0.88509,0.93134,0.96302,0.63105,1.23503,0.60514,1.22656,0.0067132,0.0067132,0.0067132
168,5887.25,1.33735,0.73735,1.23275,0.89363,0.91841,0.96014,0.63186,1.22943,0.61048,1.22365,0.0066934,0.0066934,0.0066934
169,5922.52,1.31159,0.73991,1.23095,0.90033,0.92582,0.96138,0.62741,1.25661,0.61341,1.2436,0.0066736,0.0066736,0.0066736
170,5956.69,1.33535,0.74887,1.23487,0.88914,0.92637,0.96076,0.6265,1.24504,0.61964,1.23152,0.0066538,0.0066538,0.0066538
171,5991.77,1.34709,0.75298,1.23501,0.8964,0.92537,0.96488,0.62842,1.24633,0.6127,1.23053,0.006634,0.006634,0.006634
172,6025.99,1.32923,0.7281,1.23286,0.8848,0.93333,0.96025,0.6231,1.24665,0.6179,1.23736,0.0066142,0.0066142,0.0066142
173,6061.77,1.31119,0.7298,1.21312,0.88391,0.93186,0.9625,0.62672,1.23776,0.61311,1.23188,0.0065944,0.0065944,0.0065944
174,6096.87,1.31275,0.72617,1.22648,0.90599,0.91841,0.96095,0.62943,1.2334,0.6006,1.22936,0.0065746,0.0065746,0.0065746
175,6132.68,1.31226,0.72284,1.22393,0.87295,0.93661,0.95672,0.62417,1.24582,0.61345,1.23658,0.0065548,0.0065548,0.0065548
176,6170.14,1.30997,0.71715,1.21366,0.88505,0.9393,0.96229,0.62716,1.2465,0.61396,1.23296,0.006535,0.006535,0.006535
177,6205.39,1.30934,0.73007,1.21981,0.87852,0.94984,0.96323,0.63753,1.24139,0.59827,1.2288,0.0065152,0.0065152,0.0065152
178,6241.97,1.3189,0.72533,1.23184,0.89104,0.93831,0.9635,0.63651,1.23033,0.59275,1.22163,0.0064954,0.0064954,0.0064954
179,6278.44,1.31097,0.73215,1.21981,0.90167,0.92935,0.96353,0.63762,1.23259,0.59282,1.2234,0.0064756,0.0064756,0.0064756
180,6314.15,1.3132,0.7224,1.22204,0.87636,0.94505,0.9632,0.63221,1.22786,0.59183,1.22366,0.0064558,0.0064558,0.0064558
181,6349.59,1.32522,0.72605,1.22832,0.90657,0.9172,0.96297,0.6346,1.21737,0.59045,1.21747,0.006436,0.006436,0.006436
182,6382.93,1.33627,0.72689,1.23365,0.90141,0.92797,0.96094,0.62725,1.23077,0.60009,1.22422,0.0064162,0.0064162,0.0064162
183,6418.14,1.30292,0.72688,1.21548,0.89203,0.9289,0.9588,0.63248,1.22752,0.59735,1.22471,0.0063964,0.0063964,0.0063964
184,6453.02,1.29878,0.71886,1.22128,0.89008,0.9266,0.96214,0.63099,1.23968,0.59631,1.23009,0.0063766,0.0063766,0.0063766
185,6488.69,1.31668,0.72249,1.21418,0.90434,0.92338,0.96289,0.63265,1.23613,0.59636,1.23143,0.0063568,0.0063568,0.0063568
186,6524.36,1.31475,0.71436,1.21526,0.89634,0.93035,0.9621,0.63073,1.2377,0.59889,1.22579,0.006337,0.006337,0.006337
187,6559.78,1.29451,0.71897,1.21382,0.89862,0.92612,0.96439,0.63295,1.23278,0.58807,1.22567,0.0063172,0.0063172,0.0063172
188,6596.67,1.29048,0.71134,1.20457,0.90998,0.91841,0.96087,0.63217,1.22886,0.58761,1.22342,0.0062974,0.0062974,0.0062974
189,6631.22,1.2978,0.71655,1.2114,0.89617,0.92757,0.96265,0.62809,1.23919,0.60003,1.22749,0.0062776,0.0062776,0.0062776
190,6666.77,1.29548,0.7094,1.20939,0.8995,0.93234,0.96423,0.63947,1.22867,0.5823,1.22054,0.0062578,0.0062578,0.0062578
191,6701.97,1.29241,0.71948,1.20411,0.90433,0.91642,0.96414,0.6386,1.23155,0.59334,1.2235,0.006238,0.006238,0.006238
192,6736.23,1.29402,0.71778,1.21785,0.9003,0.92836,0.9661,0.63681,1.23043,0.58726,1.2244,0.0062182,0.0062182,0.0062182
193,6771.28,1.29949,0.70713,1.20933,0.89601,0.92239,0.96374,0.63554,1.22901,0.5963,1.22421,0.0061984,0.0061984,0.0061984
194,6806.79,1.30747,0.72132,1.21314,0.89263,0.93474,0.96292,0.63909,1.22731,0.58824,1.22014,0.0061786,0.0061786,0.0061786
195,6842.39,1.29359,0.71691,1.21447,0.89086,0.93234,0.96328,0.64012,1.22342,0.58996,1.21894,0.0061588,0.0061588,0.0061588
196,6877.99,1.28947,0.71576,1.22198,0.90342,0.93073,0.96611,0.64297,1.21069,0.5856,1.21386,0.006139,0.006139,0.006139
197,6914.85,1.30212,0.72028,1.21874,0.90433,0.92836,0.96452,0.64004,1.21267,0.58389,1.21611,0.0061192,0.0061192,0.0061192
198,6951.67,1.30541,0.70945,1.21337,0.90224,0.9275,0.96727,0.64089,1.21851,0.58289,1.2173,0.0060994,0.0060994,0.0060994
199,6987.8,1.29649,0.71756,1.21412,0.89668,0.93831,0.96448,0.64385,1.21387,0.57982,1.21424,0.0060796,0.0060796,0.0060796
200,7023.81,1.29572,0.70377,1.2211,0.89199,0.93333,0.96683,0.63951,1.21575,0.57806,1.21686,0.0060598,0.0060598,0.0060598
201,7059.5,1.29972,0.70182,1.21592,0.90672,0.92537,0.96563,0.63988,1.21653,0.58368,1.22068,0.00604,0.00604,0.00604
202,7093.34,1.30431,0.70638,1.20424,0.90468,0.92551,0.96401,0.6392,1.21715,0.59024,1.21619,0.0060202,0.0060202,0.0060202
203,7128.36,1.28999,0.71028,1.21515,0.90829,0.92338,0.96485,0.63345,1.22985,0.58494,1.2245,0.0060004,0.0060004,0.0060004
204,7163.06,1.29205,0.70303,1.20128,0.90573,0.93686,0.96466,0.64269,1.22167,0.57313,1.2193,0.0059806,0.0059806,0.0059806
205,7198.44,1.29154,0.70745,1.20606,0.89939,0.93532,0.96474,0.64066,1.21883,0.57951,1.2193,0.0059608,0.0059608,0.0059608
206,7231.7,1.28424,0.69376,1.20443,0.91263,0.92507,0.96788,0.6405,1.21953,0.58045,1.21926,0.005941,0.005941,0.005941
207,7266.97,1.28997,0.70761,1.20738,0.90969,0.92239,0.96479,0.63914,1.22223,0.57747,1.22234,0.0059212,0.0059212,0.0059212
208,7302.49,1.29695,0.70136,1.21568,0.91769,0.92239,0.96569,0.63905,1.22754,0.58284,1.2229,0.0059014,0.0059014,0.0059014
209,7339.1,1.30362,0.71737,1.21915,0.90896,0.92338,0.96725,0.64305,1.22151,0.57802,1.21938,0.0058816,0.0058816,0.0058816
210,7375.12,1.27987,0.70306,1.2032,0.90697,0.93131,0.96603,0.63713,1.22501,0.58291,1.22009,0.0058618,0.0058618,0.0058618
211,7410.21,1.28801,0.69919,1.2063,0.88156,0.94428,0.96613,0.64089,1.21721,0.57895,1.21578,0.005842,0.005842,0.005842
212,7444.97,1.28899,0.70454,1.20673,0.90033,0.93473,0.96654,0.64182,1.22219,0.57949,1.21775,0.0058222,0.0058222,0.0058222
213,7480.3,1.29752,0.70765,1.2036,0.88813,0.94229,0.96629,0.63807,1.22778,0.57925,1.22095,0.0058024,0.0058024,0.0058024
214,7514.61,1.29379,0.69846,1.21105,0.90341,0.93433,0.96416,0.63798,1.22647,0.57428,1.2202,0.0057826,0.0057826,0.0057826
215,7549.24,1.28035,0.70239,1.20434,0.90952,0.9302,0.96617,0.6392,1.22688,0.57404,1.21983,0.0057628,0.0057628,0.0057628
216,7584.23,1.27981,0.70472,1.18566,0.90544,0.92537,0.96487,0.63332,1.22373,0.58339,1.22013,0.005743,0.005743,0.005743
217,7620.54,1.27419,0.6944,1.20472,0.90856,0.92239,0.96572,0.64002,1.21768,0.57945,1.2157,0.0057232,0.0057232,0.0057232
218,7655.83,1.28813,0.69797,1.19741,0.90458,0.92836,0.96668,0.63973,1.21589,0.57467,1.21483,0.0057034,0.0057034,0.0057034
219,7691.32,1.27826,0.68645,1.19808,0.90422,0.92338,0.96451,0.64415,1.21015,0.56965,1.21203,0.0056836,0.0056836,0.0056836
220,7727.22,1.26831,0.69872,1.19593,0.89824,0.93333,0.96571,0.64262,1.21131,0.57081,1.21144,0.0056638,0.0056638,0.0056638
221,7762.98,1.27385,0.70118,1.20127,0.90405,0.9281,0.96687,0.64466,1.20927,0.56727,1.21204,0.005644,0.005644,0.005644
222,7798.24,1.26785,0.69355,1.20103,0.89693,0.9403,0.96716,0.63833,1.21227,0.57334,1.21408,0.0056242,0.0056242,0.0056242
223,7831.7,1.27518,0.70985,1.2001,0.9041,0.92139,0.96433,0.64136,1.21142,0.5711,1.21263,0.0056044,0.0056044,0.0056044
224,7866.85,1.27269,0.69311,1.19878,0.89927,0.93272,0.96515,0.64329,1.20562,0.56811,1.20925,0.0055846,0.0055846,0.0055846
225,7901.71,1.28694,0.70183,1.20011,0.90617,0.92637,0.96651,0.64273,1.20373,0.56456,1.20821,0.0055648,0.0055648,0.0055648
226,7936.54,1.29431,0.70205,1.19527,0.89462,0.93731,0.967,0.64422,1.2071,0.56318,1.2091,0.005545,0.005545,0.005545
227,7973.2,1.27062,0.6964,1.19723,0.90119,0.93474,0.96636,0.6473,1.21028,0.56752,1.21162,0.0055252,0.0055252,0.0055252
228,8007.03,1.25968,0.67793,1.19181,0.91093,0.92609,0.96645,0.6459,1.2114,0.56223,1.21237,0.0055054,0.0055054,0.0055054
229,8042.04,1.28491,0.69159,1.2115,0.89672,0.9403,0.96638,0.64678,1.21188,0.56333,1.21342,0.0054856,0.0054856,0.0054856
230,8078.24,1.27571,0.69366,1.19444,0.90778,0.93234,0.96713,0.64546,1.20684,0.56665,1.21135,0.0054658,0.0054658,0.0054658
231,8113.08,1.26643,0.69267,1.1986,0.90395,0.9393,0.96626,0.64524,1.20488,0.5625,1.20928,0.005446,0.005446,0.005446
232,8149.36,1.26897,0.68971,1.20027,0.9058,0.93768,0.96705,0.64685,1.20841,0.56249,1.21168,0.0054262,0.0054262,0.0054262
233,8184.05,1.27046,0.68666,1.19828,0.91149,0.92935,0.96881,0.64469,1.21449,0.56282,1.21427,0.0054064,0.0054064,0.0054064
234,8219.21,1.26011,0.68745,1.20115,0.91274,0.92632,0.96772,0.64452,1.21163,0.56647,1.2141,0.0053866,0.0053866,0.0053866
235,8253.66,1.2679,0.67955,1.19174,0.91685,0.92438,0.96669,0.6472,1.2066,0.56057,1.21172,0.0053668,0.0053668,0.0053668
236,8289.44,1.26306,0.68501,1.20419,0.90821,0.92935,0.96765,0.64341,1.21067,0.56443,1.21162,0.005347,0.005347,0.005347
237,8325.88,1.27038,0.69669,1.18455,0.89585,0.9393,0.96885,0.64788,1.20986,0.56272,1.20888,0.0053272,0.0053272,0.0053272
238,8359.79,1.26201,0.69539,1.18864,0.89561,0.94527,0.96776,0.64285,1.21177,0.56455,1.21218,0.0053074,0.0053074,0.0053074
239,8396.13,1.25854,0.68974,1.19641,0.91196,0.91542,0.96635,0.64181,1.21231,0.56641,1.21229,0.0052876,0.0052876,0.0052876
240,8430.25,1.26795,0.68808,1.18602,0.90007,0.93134,0.966,0.63865,1.20944,0.56822,1.21163,0.0052678,0.0052678,0.0052678
241,8465.67,1.26908,0.68288,1.19693,0.90105,0.9393,0.96628,0.64131,1.20796,0.56581,1.21073,0.005248,0.005248,0.005248
242,8500.97,1.26233,0.67477,1.19663,0.90947,0.93134,0.96572,0.63916,1.20784,0.5719,1.21138,0.0052282,0.0052282,0.0052282
243,8535.5,1.27755,0.68415,1.1944,0.90045,0.93134,0.96492,0.64196,1.20025,0.56862,1.20612,0.0052084,0.0052084,0.0052084
244,8571.92,1.26825,0.67883,1.18867,0.89302,0.93731,0.96576,0.64366,1.19723,0.56194,1.20534,0.0051886,0.0051886,0.0051886
245,8606.21,1.25657,0.68381,1.2033,0.91608,0.92326,0.96628,0.64216,1.20021,0.56159,1.20625,0.0051688,0.0051688,0.0051688
246,8641.97,1.27315,0.68023,1.20257,0.91794,0.92836,0.96643,0.64632,1.19679,0.55537,1.206,0.005149,0.005149,0.005149
247,8677.77,1.24827,0.68584,1.18939,0.91278,0.92537,0.96772,0.64758,1.20098,0.5568,1.20701,0.0051292,0.0051292,0.0051292
248,8713.43,1.25453,0.67887,1.17847,0.90269,0.92935,0.96707,0.64785,1.20315,0.56118,1.20685,0.0051094,0.0051094,0.0051094
249,8749.81,1.25323,0.67646,1.18073,0.90224,0.92935,0.96623,0.64916,1.20207,0.55949,1.20778,0.0050896,0.0050896,0.0050896
250,8785.56,1.25526,0.67704,1.18793,0.90036,0.93731,0.96413,0.64919,1.19993,0.56058,1.20632,0.0050698,0.0050698,0.0050698
251,8821.31,1.25593,0.67599,1.19513,0.89897,0.93532,0.96507,0.65131,1.19509,0.5568,1.2051,0.00505,0.00505,0.00505
252,8855.73,1.26772,0.68076,1.18481,0.898,0.93735,0.96264,0.64783,1.19209,0.55893,1.20364,0.0050302,0.0050302,0.0050302
253,8888.65,1.24607,0.68268,1.18625,0.8984,0.9403,0.96408,0.64869,1.19359,0.56083,1.20521,0.0050104,0.0050104,0.0050104
254,8922.58,1.23634,0.67076,1.18376,0.90126,0.93632,0.96529,0.64898,1.1921,0.5607,1.20459,0.0049906,0.0049906,0.0049906
255,8957.62,1.25159,0.69004,1.18629,0.89959,0.93731,0.96522,0.64489,1.19848,0.56032,1.2086,0.0049708,0.0049708,0.0049708
256,8992.87,1.24788,0.67306,1.17691,0.89284,0.9403,0.9646,0.64736,1.19662,0.55786,1.20678,0.004951,0.004951,0.004951
257,9027.36,1.25319,0.68123,1.19217,0.89759,0.93317,0.96431,0.65177,1.19456,0.55508,1.20591,0.0049312,0.0049312,0.0049312
258,9063.42,1.23507,0.67482,1.18116,0.88676,0.95065,0.96606,0.65219,1.19564,0.55261,1.20531,0.0049114,0.0049114,0.0049114
259,9098.55,1.25163,0.67467,1.18239,0.89449,0.94474,0.96612,0.64996,1.19559,0.55731,1.20268,0.0048916,0.0048916,0.0048916
260,9134.39,1.25535,0.66704,1.18261,0.88395,0.95323,0.96615,0.65188,1.19765,0.55631,1.20327,0.0048718,0.0048718,0.0048718
261,9168.93,1.23971,0.67588,1.18944,0.90813,0.93831,0.96603,0.64994,1.20089,0.55526,1.20549,0.004852,0.004852,0.004852
262,9204.26,1.25258,0.68593,1.19998,0.90938,0.93134,0.96666,0.64754,1.20311,0.55676,1.20498,0.0048322,0.0048322,0.0048322
263,9238.85,1.24738,0.6742,1.18176,0.8947,0.93845,0.96704,0.64869,1.20053,0.5548,1.20261,0.0048124,0.0048124,0.0048124
264,9272.25,1.24803,0.67027,1.18823,0.89551,0.9403,0.96603,0.64818,1.19982,0.55389,1.20295,0.0047926,0.0047926,0.0047926
265,9308.08,1.24441,0.67107,1.18974,0.90447,0.93333,0.96538,0.64862,1.19924,0.55393,1.20404,0.0047728,0.0047728,0.0047728
266,9343.44,1.24244,0.67328,1.18288,0.90852,0.93532,0.96595,0.64928,1.19925,0.55252,1.20348,0.004753,0.004753,0.004753
267,9379.41,1.24702,0.65608,1.1829,0.90701,0.93035,0.96503,0.6484,1.2012,0.55452,1.20573,0.0047332,0.0047332,0.0047332
268,9415.2,1.24563,0.67074,1.17582,0.90893,0.93346,0.96513,0.65007,1.20141,0.55218,1.20556,0.0047134,0.0047134,0.0047134
269,9448.7,1.25267,0.68268,1.18194,0.90926,0.93831,0.96686,0.64941,1.20048,0.55358,1.20479,0.0046936,0.0046936,0.0046936
270,9485.22,1.23916,0.66352,1.17816,0.91662,0.93532,0.96692,0.65107,1.2,0.55383,1.20483,0.0046738,0.0046738,0.0046738
271,9520.87,1.23351,0.67281,1.18277,0.91338,0.93383,0.9681,0.65102,1.19972,0.55416,1.20543,0.004654,0.004654,0.004654
272,9555.57,1.25756,0.67368,1.18441,0.90993,0.93491,0.96709,0.64883,1.20019,0.55383,1.20621,0.0046342,0.0046342,0.0046342
273,9590.18,1.23816,0.65918,1.17631,0.91244,0.93322,0.96498,0.6481,1.19679,0.55162,1.20376,0.0046144,0.0046144,0.0046144
274,9624.5,1.23867,0.66626,1.18793,0.91366,0.93714,0.96775,0.6507,1.19419,0.54872,1.20158,0.0045946,0.0045946,0.0045946
275,9659.89,1.22529,0.6577,1.17654,0.91363,0.93831,0.9687,0.65276,1.1934,0.54483,1.20164,0.0045748,0.0045748,0.0045748
276,9693.95,1.23308,0.66497,1.18937,0.91064,0.93532,0.96915,0.65317,1.19588,0.54896,1.20278,0.004555,0.004555,0.004555
277,9729.32,1.23314,0.6697,1.18891,0.91478,0.93433,0.96976,0.6543,1.19584,0.54757,1.20334,0.0045352,0.0045352,0.0045352
278,9764.89,1.2298,0.66646,1.1885,0.91279,0.93433,0.96968,0.65225,1.19683,0.55128,1.20321,0.0045154,0.0045154,0.0045154
279,9799.31,1.23538,0.64766,1.18149,0.91018,0.93768,0.96924,0.65134,1.19457,0.55267,1.20123,0.0044956,0.0044956,0.0044956
280,9835.45,1.22661,0.65679,1.17391,0.9114,0.93333,0.96902,0.65264,1.19385,0.55269,1.1992,0.0044758,0.0044758,0.0044758
281,9871.38,1.23126,0.65552,1.18153,0.90767,0.93903,0.96881,0.6547,1.19112,0.552,1.19751,0.004456,0.004456,0.004456
282,9907.09,1.22253,0.66542,1.17599,0.90958,0.93333,0.9682,0.65636,1.19075,0.55237,1.19757,0.0044362,0.0044362,0.0044362
283,9941.4,1.24987,0.67111,1.18654,0.91184,0.93652,0.96838,0.65578,1.19142,0.55288,1.19782,0.0044164,0.0044164,0.0044164
284,9975.93,1.25185,0.66175,1.19055,0.89842,0.94428,0.96791,0.6539,1.19335,0.55285,1.19771,0.0043966,0.0043966,0.0043966
285,10010.9,1.24511,0.66569,1.18434,0.90512,0.94129,0.96839,0.65308,1.19668,0.55325,1.19925,0.0043768,0.0043768,0.0043768
286,10044.9,1.23564,0.65931,1.17358,0.89647,0.94773,0.96815,0.65176,1.19707,0.55365,1.19903,0.004357,0.004357,0.004357
287,10080.4,1.23037,0.65988,1.17025,0.89636,0.94662,0.9677,0.65181,1.19778,0.55222,1.19998,0.0043372,0.0043372,0.0043372
288,10114.8,1.24262,0.67649,1.18897,0.89823,0.94842,0.96772,0.65544,1.1964,0.54989,1.19952,0.0043174,0.0043174,0.0043174
289,10149.1,1.22357,0.66394,1.17119,0.9028,0.93339,0.96704,0.65523,1.19463,0.5522,1.19884,0.0042976,0.0042976,0.0042976
290,10184.1,1.23894,0.67866,1.17554,0.9026,0.94056,0.96725,0.6548,1.19476,0.55412,1.19857,0.0042778,0.0042778,0.0042778
291,10221.4,1.2287,0.66645,1.17713,0.90666,0.93035,0.96703,0.65632,1.19541,0.55274,1.19881,0.004258,0.004258,0.004258
292,10257.3,1.2426,0.66171,1.18233,0.90995,0.93134,0.96754,0.65685,1.19596,0.55156,1.19975,0.0042382,0.0042382,0.0042382
293,10290.9,1.22754,0.66047,1.16982,0.89681,0.94925,0.96748,0.65407,1.19712,0.5512,1.20063,0.0042184,0.0042184,0.0042184
294,10324.9,1.21823,0.65449,1.17392,0.89118,0.95337,0.96681,0.6534,1.19944,0.55333,1.20198,0.0041986,0.0041986,0.0041986
295,10359.8,1.23727,0.65331,1.17974,0.89146,0.95224,0.96664,0.65194,1.20022,0.55404,1.20207,0.0041788,0.0041788,0.0041788
296,10394.6,1.22066,0.6518,1.17416,0.89713,0.94826,0.96686,0.65181,1.20044,0.5549,1.20175,0.004159,0.004159,0.004159
297,10429.3,1.21807,0.6537,1.18233,0.89001,0.95323,0.96689,0.65137,1.20061,0.55245,1.20291,0.0041392,0.0041392,0.0041392
298,10465.6,1.21686,0.64902,1.16998,0.91085,0.93532,0.96596,0.65152,1.20101,0.55265,1.2033,0.0041194,0.0041194,0.0041194
299,10502,1.23607,0.65496,1.17616,0.91422,0.93325,0.96623,0.65218,1.19999,0.55167,1.20353,0.0040996,0.0040996,0.0040996
300,10537,1.21937,0.65385,1.17433,0.9118,0.93333,0.96666,0.65391,1.19829,0.5502,1.20302,0.0040798,0.0040798,0.0040798
301,10572.9,1.23381,0.66479,1.17124,0.90578,0.93748,0.96669,0.65243,1.19756,0.54985,1.20249,0.00406,0.00406,0.00406
302,10608.8,1.22664,0.65577,1.17585,0.90446,0.9326,0.96662,0.65295,1.19649,0.54851,1.20187,0.0040402,0.0040402,0.0040402
303,10643,1.21565,0.64805,1.1718,0.90109,0.9393,0.96769,0.65223,1.19716,0.54984,1.20141,0.0040204,0.0040204,0.0040204
304,10677.9,1.20869,0.65468,1.15873,0.89762,0.94217,0.96788,0.65328,1.19745,0.54891,1.20246,0.0040006,0.0040006,0.0040006
305,10711.6,1.20329,0.64832,1.1739,0.89332,0.94985,0.96814,0.65464,1.19773,0.54793,1.20263,0.0039808,0.0039808,0.0039808
306,10746,1.23071,0.65768,1.18203,0.9119,0.92689,0.96782,0.65496,1.19835,0.54731,1.20257,0.003961,0.003961,0.003961
307,10781.4,1.21105,0.65054,1.166,0.91092,0.92592,0.96775,0.65507,1.19871,0.54714,1.20322,0.0039412,0.0039412,0.0039412
308,10816.5,1.2293,0.64764,1.18267,0.90131,0.936,0.96803,0.65629,1.1981,0.54596,1.20322,0.0039214,0.0039214,0.0039214
309,10852.4,1.21053,0.65588,1.17333,0.89514,0.94428,0.96789,0.65487,1.19924,0.54765,1.2037,0.0039016,0.0039016,0.0039016
310,10886.8,1.23109,0.65176,1.17883,0.88927,0.95089,0.96762,0.65724,1.19733,0.54651,1.20273,0.0038818,0.0038818,0.0038818
311,10922.5,1.21919,0.64985,1.17462,0.88404,0.95224,0.96729,0.65584,1.19806,0.54679,1.20301,0.003862,0.003862,0.003862
312,10958.1,1.21327,0.65754,1.17677,0.89263,0.94428,0.96672,0.65604,1.19772,0.54778,1.2031,0.0038422,0.0038422,0.0038422
313,10992.8,1.2145,0.64942,1.16526,0.89621,0.94512,0.9669,0.65471,1.19564,0.54658,1.20195,0.0038224,0.0038224,0.0038224
314,11027.2,1.20842,0.64779,1.17257,0.89991,0.93939,0.96772,0.65332,1.19622,0.54509,1.2022,0.0038026,0.0038026,0.0038026
315,11060.7,1.20352,0.64008,1.16593,0.89992,0.94229,0.96845,0.65461,1.19617,0.54496,1.20185,0.0037828,0.0037828,0.0037828
316,11096.2,1.22898,0.65644,1.16615,0.89331,0.9498,0.96827,0.6566,1.19501,0.5457,1.20081,0.003763,0.003763,0.003763
317,11130.1,1.22001,0.64874,1.1691,0.89295,0.95323,0.96802,0.6548,1.19539,0.54643,1.20057,0.0037432,0.0037432,0.0037432
318,11165.7,1.21382,0.6414,1.16381,0.88981,0.95622,0.96785,0.65451,1.1943,0.54654,1.19972,0.0037234,0.0037234,0.0037234
319,11200.8,1.21077,0.65147,1.16612,0.88515,0.95859,0.96759,0.65411,1.19356,0.54731,1.19902,0.0037036,0.0037036,0.0037036
320,11235.7,1.20377,0.64168,1.16484,0.88597,0.95867,0.96734,0.65267,1.19336,0.54873,1.19872,0.0036838,0.0036838,0.0036838
321,11271.3,1.2139,0.64232,1.16365,0.88527,0.95821,0.96723,0.65278,1.19329,0.54893,1.19861,0.003664,0.003664,0.003664
322,11308.1,1.19329,0.64306,1.15464,0.88417,0.95704,0.96749,0.65293,1.19218,0.54827,1.19864,0.0036442,0.0036442,0.0036442
323,11343.9,1.21156,0.64166,1.16221,0.89142,0.95423,0.9679,0.65123,1.19103,0.5463,1.19857,0.0036244,0.0036244,0.0036244
324,11379.3,1.20568,0.65409,1.1694,0.90213,0.94826,0.96766,0.65126,1.18949,0.54608,1.19798,0.0036046,0.0036046,0.0036046
325,11414,1.20003,0.63738,1.16336,0.894,0.95224,0.96754,0.65198,1.18911,0.54523,1.19803,0.0035848,0.0035848,0.0035848
326,11448.7,1.21008,0.63542,1.16814,0.89432,0.95423,0.96762,0.65223,1.18783,0.54456,1.19748,0.003565,0.003565,0.003565
327,11482.7,1.20124,0.64497,1.16944,0.89404,0.95522,0.96793,0.65166,1.1879,0.54533,1.19792,0.0035452,0.0035452,0.0035452
328,11519.3,1.2026,0.64214,1.1668,0.89328,0.95423,0.96799,0.65278,1.18826,0.54519,1.19839,0.0035254,0.0035254,0.0035254
329,11553.5,1.18955,0.6366,1.1543,0.89342,0.95082,0.96793,0.65111,1.18906,0.54568,1.19854,0.0035056,0.0035056,0.0035056
330,11589.4,1.2029,0.63882,1.16098,0.89201,0.9602,0.96793,0.65073,1.18976,0.54405,1.19842,0.0034858,0.0034858,0.0034858
331,11625.1,1.20396,0.64174,1.15753,0.89701,0.95331,0.96823,0.65199,1.19068,0.54259,1.19847,0.003466,0.003466,0.003466
332,11662.1,1.20511,0.64275,1.15538,0.89785,0.95332,0.96814,0.65268,1.19068,0.54182,1.19793,0.0034462,0.0034462,0.0034462
333,11697.3,1.2063,0.64462,1.15861,0.89702,0.95341,0.96794,0.65342,1.19064,0.54084,1.19767,0.0034264,0.0034264,0.0034264
334,11731.7,1.19496,0.64248,1.16962,0.89667,0.95323,0.96788,0.65498,1.19094,0.54101,1.19772,0.0034066,0.0034066,0.0034066
335,11765.8,1.19897,0.64314,1.16059,0.89767,0.95145,0.96779,0.65565,1.19258,0.54071,1.19874,0.0033868,0.0033868,0.0033868
336,11800.6,1.2009,0.64061,1.15712,0.89668,0.94986,0.96778,0.65607,1.19356,0.54014,1.19919,0.003367,0.003367,0.003367
337,11836,1.21689,0.64837,1.16126,0.89671,0.95025,0.9675,0.65524,1.19279,0.54082,1.19887,0.0033472,0.0033472,0.0033472
338,11871.8,1.18493,0.62767,1.15574,0.89393,0.95224,0.96706,0.65461,1.19401,0.54166,1.19991,0.0033274,0.0033274,0.0033274
339,11907.8,1.19308,0.63587,1.1568,0.90008,0.94627,0.96714,0.65427,1.19523,0.54162,1.20146,0.0033076,0.0033076,0.0033076
340,11942.5,1.18635,0.63149,1.16173,0.89581,0.95025,0.96712,0.65323,1.19643,0.54289,1.20255,0.0032878,0.0032878,0.0032878
341,11977.9,1.19157,0.63826,1.16505,0.89532,0.95313,0.96717,0.65268,1.19715,0.54363,1.2032,0.003268,0.003268,0.003268
342,12013,1.1989,0.64244,1.16349,0.89236,0.95323,0.96722,0.65209,1.19695,0.54304,1.20297,0.0032482,0.0032482,0.0032482
343,12047.6,1.18481,0.63129,1.15493,0.89345,0.95423,0.96728,0.65205,1.19625,0.54276,1.20277,0.0032284,0.0032284,0.0032284
344,12083.7,1.187,0.63137,1.14662,0.89115,0.95821,0.96713,0.6516,1.19569,0.54166,1.20268,0.0032086,0.0032086,0.0032086
345,12119.2,1.20773,0.64576,1.16447,0.89477,0.95323,0.96736,0.65296,1.19533,0.54134,1.20263,0.0031888,0.0031888,0.0031888
346,12153.1,1.19817,0.64885,1.15907,0.89698,0.95124,0.96731,0.65245,1.1946,0.54137,1.20217,0.003169,0.003169,0.003169
347,12187.9,1.20583,0.63587,1.16199,0.89536,0.95224,0.96736,0.65372,1.19405,0.54219,1.20188,0.0031492,0.0031492,0.0031492
348,12222.7,1.19979,0.64637,1.17461,0.89545,0.95448,0.96716,0.6541,1.1937,0.54274,1.20161,0.0031294,0.0031294,0.0031294
349,12258.7,1.20441,0.64007,1.16939,0.89008,0.95885,0.96727,0.65462,1.19274,0.54298,1.20138,0.0031096,0.0031096,0.0031096
350,12294.2,1.20207,0.6344,1.16005,0.88891,0.9592,0.96696,0.65561,1.19232,0.54393,1.2011,0.0030898,0.0030898,0.0030898
351,12329,1.19586,0.63025,1.15224,0.88883,0.96259,0.96675,0.65428,1.19068,0.5445,1.20023,0.00307,0.00307,0.00307
352,12365.2,1.18876,0.62378,1.1565,0.88764,0.96219,0.96679,0.65407,1.18982,0.54472,1.19991,0.0030502,0.0030502,0.0030502
353,12401.3,1.19311,0.6391,1.16459,0.88621,0.96088,0.96668,0.65459,1.1884,0.54414,1.19955,0.0030304,0.0030304,0.0030304
354,12435.8,1.17302,0.61987,1.1493,0.88721,0.9602,0.96688,0.65535,1.18787,0.54342,1.19907,0.0030106,0.0030106,0.0030106
355,12471,1.19106,0.6301,1.1589,0.8924,0.95731,0.96692,0.65537,1.18746,0.54218,1.19888,0.0029908,0.0029908,0.0029908
356,12505.2,1.1639,0.61622,1.15137,0.89415,0.9582,0.96665,0.65511,1.18711,0.54074,1.19877,0.002971,0.002971,0.002971
357,12541.1,1.18877,0.62955,1.1507,0.89389,0.95562,0.96617,0.65427,1.1865,0.5399,1.19872,0.0029512,0.0029512,0.0029512
358,12578.2,1.18144,0.63002,1.16653,0.89721,0.95124,0.96611,0.65569,1.18521,0.53968,1.19818,0.0029314,0.0029314,0.0029314
359,12614.4,1.17145,0.62182,1.15431,0.9039,0.94527,0.96588,0.65556,1.18416,0.53937,1.19786,0.0029116,0.0029116,0.0029116
360,12650.6,1.16931,0.62807,1.15245,0.90635,0.94371,0.96569,0.65733,1.18384,0.53933,1.19761,0.0028918,0.0028918,0.0028918
361,12688.5,1.19834,0.6313,1.16152,0.90468,0.94627,0.96575,0.65785,1.18288,0.5391,1.1971,0.002872,0.002872,0.002872
362,12724.9,1.17935,0.63103,1.15583,0.90713,0.94276,0.96575,0.65841,1.18184,0.53837,1.19667,0.0028522,0.0028522,0.0028522
363,12761.1,1.18141,0.62883,1.1444,0.90803,0.94229,0.96553,0.65868,1.18119,0.53794,1.19622,0.0028324,0.0028324,0.0028324
364,12796.5,1.18957,0.63657,1.15336,0.90662,0.94678,0.9656,0.65808,1.18152,0.53764,1.19606,0.0028126,0.0028126,0.0028126
365,12832.8,1.17539,0.62467,1.1574,0.90645,0.94485,0.96557,0.65752,1.18106,0.53791,1.19582,0.0027928,0.0027928,0.0027928
366,12867.6,1.17419,0.62779,1.1539,0.89873,0.95025,0.96574,0.65858,1.18093,0.53859,1.19596,0.002773,0.002773,0.002773
367,12903.1,1.18124,0.62502,1.15799,0.90383,0.94428,0.9656,0.65829,1.18167,0.53928,1.19631,0.0027532,0.0027532,0.0027532
368,12938.3,1.16516,0.61711,1.14524,0.90201,0.94428,0.96557,0.65877,1.18198,0.53904,1.1965,0.0027334,0.0027334,0.0027334
369,12975,1.17769,0.62146,1.15249,0.90589,0.94229,0.96559,0.65789,1.18252,0.53897,1.19679,0.0027136,0.0027136,0.0027136
370,13011.2,1.16782,0.61298,1.1357,0.90731,0.94474,0.96549,0.6583,1.18281,0.5394,1.197,0.0026938,0.0026938,0.0026938
371,13045.4,1.1727,0.61231,1.15061,0.90971,0.94234,0.96558,0.6575,1.18377,0.53919,1.19748,0.002674,0.002674,0.002674
372,13081.6,1.17349,0.62732,1.15333,0.90866,0.94229,0.96559,0.65804,1.18445,0.5388,1.19783,0.0026542,0.0026542,0.0026542
373,13118.5,1.16711,0.6153,1.13731,0.90789,0.94153,0.9653,0.65755,1.18485,0.53897,1.19789,0.0026344,0.0026344,0.0026344
374,13153,1.15712,0.62373,1.14438,0.91408,0.94211,0.96552,0.65695,1.18532,0.53944,1.1979,0.0026146,0.0026146,0.0026146
375,13187.9,1.1679,0.61434,1.14173,0.91403,0.94328,0.96532,0.65609,1.186,0.53957,1.19849,0.0025948,0.0025948,0.0025948
376,13223.2,1.17303,0.61636,1.14343,0.91281,0.94328,0.96514,0.6561,1.18638,0.53992,1.19871,0.002575,0.002575,0.002575
377,13259.9,1.17738,0.62657,1.15113,0.91225,0.94137,0.96504,0.6562,1.18717,0.54055,1.19937,0.0025552,0.0025552,0.0025552
378,13296.4,1.16101,0.62471,1.14939,0.91116,0.94328,0.96516,0.65542,1.18781,0.54038,1.19956,0.0025354,0.0025354,0.0025354
379,13330.4,1.17281,0.62396,1.14503,0.90988,0.94627,0.96516,0.65339,1.18888,0.54018,1.20019,0.0025156,0.0025156,0.0025156
380,13364.3,1.17386,0.63004,1.14722,0.90823,0.94925,0.96543,0.65398,1.18958,0.53949,1.20036,0.0024958,0.0024958,0.0024958
381,13399.2,1.15592,0.61676,1.13236,0.90833,0.95124,0.96566,0.65393,1.18963,0.53979,1.20059,0.002476,0.002476,0.002476
382,13435.3,1.17672,0.61473,1.14847,0.90871,0.94826,0.96572,0.65508,1.19015,0.54012,1.20087,0.0024562,0.0024562,0.0024562
383,13470.5,1.16354,0.61245,1.14728,0.90821,0.94512,0.96558,0.65497,1.19048,0.54046,1.20108,0.0024364,0.0024364,0.0024364
384,13504.2,1.1744,0.61245,1.15619,0.90648,0.94523,0.96543,0.65488,1.19048,0.54041,1.20124,0.0024166,0.0024166,0.0024166
385,13539.4,1.16993,0.61677,1.14151,0.90574,0.94328,0.96524,0.6552,1.19081,0.54036,1.20145,0.0023968,0.0023968,0.0023968
386,13574.9,1.15697,0.60883,1.1418,0.90892,0.94428,0.9653,0.65521,1.19087,0.53999,1.20151,0.002377,0.002377,0.002377
387,13610.3,1.15848,0.61436,1.14878,0.90806,0.94344,0.96543,0.65415,1.19076,0.54041,1.20155,0.0023572,0.0023572,0.0023572
388,13645,1.15774,0.61771,1.13481,0.90737,0.94229,0.96526,0.6533,1.19043,0.5407,1.20145,0.0023374,0.0023374,0.0023374
389,13680.3,1.14956,0.60622,1.13489,0.90778,0.94229,0.96527,0.65269,1.19025,0.54092,1.20127,0.0023176,0.0023176,0.0023176
390,13717.2,1.16072,0.62369,1.1522,0.91021,0.93806,0.96523,0.65231,1.19047,0.54081,1.20118,0.0022978,0.0022978,0.0022978
391,13752.6,1.15409,0.61193,1.1386,0.90992,0.93731,0.96538,0.65272,1.19008,0.54049,1.20101,0.002278,0.002278,0.002278
392,13788.1,1.14351,0.60609,1.12869,0.91055,0.93731,0.96532,0.65286,1.18977,0.54015,1.20078,0.0022582,0.0022582,0.0022582
393,13823.9,1.14899,0.60954,1.12952,0.91014,0.93726,0.96531,0.65231,1.19029,0.54,1.20101,0.0022384,0.0022384,0.0022384
394,13860.1,1.15387,0.61315,1.138,0.91089,0.93575,0.96537,0.65318,1.18999,0.53969,1.20076,0.0022186,0.0022186,0.0022186
395,13895.3,1.14319,0.61193,1.12933,0.91017,0.9376,0.96564,0.65329,1.18981,0.53922,1.20062,0.0021988,0.0021988,0.0021988
396,13930.7,1.16305,0.60738,1.14657,0.91128,0.94024,0.96556,0.65419,1.18999,0.53894,1.20048,0.002179,0.002179,0.002179
397,13965.6,1.15066,0.60698,1.12923,0.91099,0.94129,0.9657,0.65512,1.19023,0.53864,1.20059,0.0021592,0.0021592,0.0021592
398,13999.5,1.15854,0.62345,1.15573,0.91022,0.94229,0.96565,0.65484,1.19039,0.5383,1.20061,0.0021394,0.0021394,0.0021394
399,14034.4,1.14713,0.6041,1.13431,0.91058,0.94328,0.96573,0.65585,1.19037,0.53803,1.20044,0.0021196,0.0021196,0.0021196
400,14069.7,1.15158,0.6058,1.13458,0.90993,0.94129,0.96593,0.65574,1.19043,0.53764,1.20031,0.0020998,0.0020998,0.0020998
401,14106.5,1.15567,0.60727,1.14102,0.91041,0.94031,0.96578,0.65581,1.19039,0.53753,1.20013,0.00208,0.00208,0.00208
402,14143,1.14902,0.60979,1.13545,0.91004,0.94129,0.96585,0.65681,1.19013,0.53739,1.20003,0.0020602,0.0020602,0.0020602
403,14180.4,1.16147,0.6093,1.1421,0.90894,0.94129,0.96586,0.657,1.18972,0.53716,1.1999,0.0020404,0.0020404,0.0020404
404,14216.3,1.1645,0.60727,1.13705,0.90993,0.94129,0.96583,0.65746,1.18955,0.53741,1.19967,0.0020206,0.0020206,0.0020206
405,14251.4,1.15026,0.60419,1.13694,0.90648,0.94129,0.96583,0.65671,1.1894,0.53707,1.19951,0.0020008,0.0020008,0.0020008
406,14286.7,1.14279,0.6054,1.14132,0.90681,0.94129,0.96569,0.65662,1.18956,0.53726,1.19944,0.001981,0.001981,0.001981
407,14322.3,1.15664,0.61011,1.15356,0.90512,0.94129,0.96583,0.65723,1.18952,0.5369,1.19933,0.0019612,0.0019612,0.0019612
408,14357.2,1.15859,0.60901,1.13737,0.90704,0.9403,0.9659,0.65678,1.18954,0.53675,1.19931,0.0019414,0.0019414,0.0019414
409,14392.7,1.13722,0.59626,1.13832,0.90539,0.9427,0.9659,0.65723,1.18946,0.53641,1.19924,0.0019216,0.0019216,0.0019216
410,14428.2,1.14247,0.60077,1.13567,0.90626,0.94272,0.96585,0.6571,1.18937,0.53626,1.19921,0.0019018,0.0019018,0.0019018
411,14464.6,1.14825,0.61049,1.12758,0.90615,0.94148,0.96589,0.65727,1.18945,0.53625,1.19924,0.001882,0.001882,0.001882
412,14499.3,1.15624,0.60925,1.1417,0.90626,0.9427,0.96569,0.65782,1.18937,0.53632,1.1993,0.0018622,0.0018622,0.0018622
413,14536.6,1.1363,0.59697,1.12361,0.90655,0.94129,0.96571,0.65837,1.18929,0.53606,1.1992,0.0018424,0.0018424,0.0018424
414,14573.1,1.13372,0.60818,1.12593,0.90726,0.94129,0.9659,0.65798,1.18917,0.53577,1.19925,0.0018226,0.0018226,0.0018226
415,14609.4,1.15317,0.60988,1.13393,0.90705,0.9403,0.96596,0.65795,1.18907,0.53585,1.19925,0.0018028,0.0018028,0.0018028
416,14643.9,1.15691,0.61404,1.14874,0.90766,0.9403,0.96598,0.65789,1.18914,0.53574,1.19927,0.001783,0.001783,0.001783
417,14679.7,1.14456,0.59936,1.14046,0.90756,0.9403,0.96609,0.65741,1.18949,0.53572,1.19944,0.0017632,0.0017632,0.0017632
418,14715.4,1.14193,0.60423,1.13047,0.90832,0.9403,0.96611,0.65751,1.18973,0.53581,1.19962,0.0017434,0.0017434,0.0017434
419,14750.2,1.13355,0.60311,1.13034,0.90784,0.9403,0.96596,0.65669,1.18986,0.53563,1.19977,0.0017236,0.0017236,0.0017236
420,14785.9,1.14715,0.60059,1.1289,0.90845,0.9403,0.96585,0.65646,1.18983,0.53564,1.19979,0.0017038,0.0017038,0.0017038
421,14821.5,1.13142,0.59287,1.12796,0.91069,0.9403,0.96579,0.65662,1.19003,0.53506,1.19999,0.001684,0.001684,0.001684
422,14856.6,1.14991,0.60573,1.14339,0.9108,0.9403,0.96584,0.65674,1.18994,0.53479,1.19998,0.0016642,0.0016642,0.0016642
423,14892.5,1.12898,0.595,1.12863,0.90845,0.9403,0.96596,0.65746,1.19023,0.5347,1.20028,0.0016444,0.0016444,0.0016444
424,14928.2,1.13559,0.59721,1.14055,0.90959,0.94105,0.96602,0.65766,1.19043,0.53467,1.20045,0.0016246,0.0016246,0.0016246
425,14963.3,1.14861,0.60604,1.14002,0.90749,0.94129,0.96609,0.65709,1.19072,0.53469,1.20064,0.0016048,0.0016048,0.0016048
426,14998.4,1.12591,0.59824,1.12273,0.90829,0.9403,0.96613,0.65745,1.19083,0.5346,1.20067,0.001585,0.001585,0.001585
427,15033.2,1.1307,0.58871,1.12256,0.90712,0.9403,0.96604,0.65702,1.19077,0.53462,1.20065,0.0015652,0.0015652,0.0015652
428,15067.9,1.1282,0.59207,1.12514,0.90732,0.9403,0.96614,0.65738,1.1909,0.53455,1.20069,0.0015454,0.0015454,0.0015454
429,15103.2,1.12751,0.59338,1.12404,0.90497,0.94129,0.96608,0.6571,1.19092,0.53481,1.20064,0.0015256,0.0015256,0.0015256
430,15138.7,1.13189,0.5997,1.12862,0.90522,0.94085,0.96595,0.65678,1.19097,0.53484,1.20081,0.0015058,0.0015058,0.0015058
431,15175.9,1.14953,0.59727,1.13509,0.90521,0.94067,0.96593,0.65738,1.19109,0.53503,1.20092,0.001486,0.001486,0.001486
432,15209.8,1.127,0.60191,1.13329,0.90602,0.94002,0.96592,0.65677,1.19107,0.53506,1.20096,0.0014662,0.0014662,0.0014662
433,15245.2,1.14138,0.60102,1.13355,0.90613,0.94128,0.96593,0.65641,1.191,0.53492,1.20094,0.0014464,0.0014464,0.0014464
434,15280.9,1.15165,0.61585,1.14083,0.9081,0.93831,0.96593,0.65568,1.19097,0.53483,1.20081,0.0014266,0.0014266,0.0014266
435,15315.6,1.13112,0.60436,1.13068,0.90685,0.93831,0.96598,0.65513,1.1909,0.53513,1.20078,0.0014068,0.0014068,0.0014068
436,15349.6,1.13664,0.59119,1.13286,0.90588,0.93858,0.96603,0.65431,1.19102,0.53523,1.20082,0.001387,0.001387,0.001387
437,15383.3,1.11844,0.59248,1.12545,0.90511,0.93964,0.96618,0.65413,1.19113,0.53519,1.20082,0.0013672,0.0013672,0.0013672
438,15419.4,1.11332,0.5828,1.113,0.90539,0.94269,0.96671,0.65408,1.19128,0.53523,1.20095,0.0013474,0.0013474,0.0013474
439,15454.6,1.12262,0.58237,1.11863,0.90616,0.9393,0.96677,0.65427,1.19133,0.53524,1.201,0.0013276,0.0013276,0.0013276
440,15491.1,1.13641,0.60227,1.13616,0.90768,0.9392,0.96673,0.65424,1.19156,0.53517,1.20112,0.0013078,0.0013078,0.0013078
441,15526.7,1.12038,0.60298,1.12679,0.90765,0.93883,0.9667,0.65433,1.1916,0.53509,1.20121,0.001288,0.001288,0.001288
442,15560.8,1.13821,0.59838,1.12949,0.90682,0.9393,0.96664,0.65439,1.19153,0.535,1.2012,0.0012682,0.0012682,0.0012682
443,15597.2,1.10766,0.58762,1.11577,0.90679,0.939,0.96671,0.65449,1.19159,0.53488,1.20118,0.0012484,0.0012484,0.0012484
444,15633.6,1.12556,0.59291,1.12428,0.90524,0.94108,0.96665,0.65413,1.19175,0.53479,1.20133,0.0012286,0.0012286,0.0012286
445,15669.7,1.1285,0.59909,1.11568,0.90371,0.9403,0.96673,0.65401,1.1918,0.53482,1.20137,0.0012088,0.0012088,0.0012088
446,15704.9,1.12547,0.59603,1.12956,0.90586,0.93832,0.96689,0.6543,1.19202,0.53484,1.20146,0.001189,0.001189,0.001189
447,15738.7,1.11005,0.58239,1.11422,0.90813,0.93831,0.96704,0.65468,1.19201,0.53469,1.20153,0.0011692,0.0011692,0.0011692
448,15774.3,1.11503,0.58939,1.12558,0.90766,0.93731,0.96703,0.65446,1.19211,0.53449,1.20164,0.0011494,0.0011494,0.0011494
449,15808.6,1.11917,0.58523,1.11019,0.90683,0.93946,0.96694,0.65414,1.19219,0.53435,1.20176,0.0011296,0.0011296,0.0011296
450,15844,1.11245,0.59905,1.13307,0.90675,0.93851,0.96697,0.65394,1.19226,0.53433,1.20178,0.0011098,0.0011098,0.0011098
451,15879,1.11711,0.58481,1.11521,0.90676,0.93867,0.96684,0.65396,1.19237,0.5342,1.2019,0.00109,0.00109,0.00109
452,15913,1.11109,0.58457,1.12471,0.90588,0.93859,0.96645,0.65361,1.19259,0.53418,1.20199,0.0010702,0.0010702,0.0010702
453,15947.1,1.13149,0.591,1.12586,0.90147,0.94678,0.96661,0.65311,1.19262,0.53417,1.20196,0.0010504,0.0010504,0.0010504
454,15982.7,1.1023,0.59641,1.12339,0.8965,0.94925,0.96662,0.65344,1.19279,0.53432,1.20206,0.0010306,0.0010306,0.0010306
455,16017.9,1.10093,0.58125,1.1059,0.9066,0.93684,0.96665,0.65311,1.19283,0.5344,1.20205,0.0010108,0.0010108,0.0010108
456,16052.5,1.10592,0.58632,1.11744,0.90659,0.93672,0.96673,0.65364,1.19287,0.53437,1.2021,0.000991,0.000991,0.000991
457,16087.3,1.10963,0.58583,1.11347,0.901,0.94527,0.96684,0.65348,1.19292,0.53427,1.20222,0.0009712,0.0009712,0.0009712
458,16122,1.11519,0.58436,1.1178,0.90074,0.94805,0.96688,0.6538,1.19297,0.53401,1.20227,0.0009514,0.0009514,0.0009514
459,16156.8,1.10369,0.58517,1.11286,0.90718,0.93731,0.96675,0.65335,1.19301,0.53397,1.20234,0.0009316,0.0009316,0.0009316
460,16192.3,1.11073,0.58644,1.12168,0.89357,0.95233,0.96671,0.65299,1.19327,0.53401,1.20244,0.0009118,0.0009118,0.0009118
461,16226.4,1.10217,0.58389,1.11759,0.89356,0.95229,0.96662,0.6527,1.1934,0.53384,1.20257,0.000892,0.000892,0.000892
462,16262.5,1.11116,0.58088,1.12076,0.89387,0.95224,0.96666,0.65257,1.19351,0.53376,1.20268,0.0008722,0.0008722,0.0008722
463,16297.8,1.10611,0.58084,1.1196,0.89416,0.95224,0.96683,0.65238,1.19338,0.53361,1.20267,0.0008524,0.0008524,0.0008524
464,16333.8,1.11754,0.59229,1.11362,0.90058,0.94826,0.96688,0.65231,1.19347,0.53356,1.20271,0.0008326,0.0008326,0.0008326
465,16369.3,1.10008,0.59607,1.11313,0.90028,0.94826,0.96702,0.65237,1.19355,0.53351,1.20277,0.0008128,0.0008128,0.0008128
466,16404.4,1.10725,0.58803,1.12093,0.90062,0.94826,0.96715,0.6524,1.19359,0.53348,1.20285,0.000793,0.000793,0.000793
467,16438.9,1.10063,0.57457,1.1115,0.90704,0.93731,0.96717,0.65238,1.19348,0.5334,1.20281,0.0007732,0.0007732,0.0007732
468,16472.7,1.11569,0.58622,1.1177,0.90696,0.93731,0.96732,0.65297,1.19345,0.5333,1.20282,0.0007534,0.0007534,0.0007534
